537b96fd2275cb9bf8c49e29d9314f19c1d665c4,DELETE,regular-file,中网信安线上/FTP和web服务.pdf,5679097,
91fcad608b521888e308986efc1d76dc7b440ea5,DELETE,regular-file,中网信安线上/windows常用命令.pdf,3998257,
9c38e4d9736ab92121c8562dccda78218126dc70,DELETE,regular-file,中网信安线上/windows的域控服务.pdf,5046107,
11a1d34b1551808211d298a5ebc654dcb2039cfc,DELETE,regular-file,中网信安线上/入门基础.pdf,7427530,
dc086997b280d9f42920bbb5563bc2f530044752,DELETE,regular-file,中网信安线上/网络基础.pdf,8335173,
ac9ed04d5f11e4a82cb6664d2711cb21da40c28c,DELETE,regular-file,资料书籍/02 CobaltStrike.pdf,2540082,
29bd7127f45daed9b86f3f8f3ab2c09344593500,DELETE,regular-file,资料书籍/CTF教科书.pdf,13069301,
cefd2cbf4e7d36f452373373eed52cb82261eb19,DELETE,regular-file,资料书籍/CobaltStrike的使用教程.pdf,11094690,
dfc6ce1e709d3fb0dec24e0de7c4dd760a7e72b0,DELETE,regular-file,资料书籍/FTP和web服务.pdf,4214850,
709ca9cea264ccf4c39ccc8eba2317f270d00718,DELETE,regular-file,资料书籍/MSF基础.pdf,322098,
f523ad7efb954ee7c944fd1ac1d5e4f59cf5cc86,DELETE,regular-file,资料书籍/MySQL必知必会.pdf,33639535,
7195f87e281a96e6353c483a94041708bbfecd65,DELETE,regular-file,资料书籍/Python核心编程（中文第二版）带目录.pdf,6545871,
e003ed7cda5d25d74d1b85ff67a4a1f54180b0de,DELETE,regular-file,资料书籍/Wireshark网络分析就这么简单.pdf,8109254,
e673392edf69ac81b239e28c77272858ea42c249,DELETE,regular-file,资料书籍/Wireshark网络分析艺术.pdf,30194791,
9a5ca38d3ff3c49a86450729af1a84c9dc3b9254,DELETE,regular-file,资料书籍/impacket工具包简介.pdf,2836847,
31ff905ec6eeb2f170ee580c14c24fa7483957f1,DELETE,regular-file,资料书籍/linux基础培训.pdf,11470082,
95e9a82bb46b4fc3279f5d00ccdf16c83f4c1e67,DELETE,regular-file,资料书籍/大模型应用开发 动手做AI Agent_.pdf,21025182,
da2b2f7eaaa7723c3eff577b766bfc164ca62d8b,DELETE,regular-file,资料书籍/常见中间件历史漏洞.pdf,13413434,
20957a521a526a1638117f3c1df3581838031e4a,DELETE,regular-file,资料书籍/未授权访问漏洞.pdf,4885250,
b3379447c16101684edabc3707d46452410efbca,DELETE,regular-file,资料书籍/流畅的Python.pdf,11929817,
2739ee0c48cb811dcdd32b1001bf6a1de8416acb,DELETE,regular-file,资料书籍/网络基础知识.pdf,655840,
b608daac665b80d027157bf45f43b1e13f836903,DELETE,regular-file,资料书籍/钓鱼大师.pdf,1153698,
ff1cf49ccf3d1075119e2ceca688a6333ff1b734,DELETE,regular-file,资料书籍/隧道应用.pdf,7062237,
